{"cameraMode":{"drawMode":0,"name":"Shaded","section":"Shading Mode"},"sceneLighting":true,"audioPlay":false,"sceneViewState":{"showFog":true,"showMaterialUpdate":false,"showSkybox":true,"showFlares":true,"showImageEffects":true,"showParticleSystems":true},"in2DMode":false,"pivot":{"x":-2.363213062286377,"y":0.46848034858703616,"z":4.070624828338623},"rotation":{"x":-0.08778809756040573,"y":0.7462611198425293,"z":-0.10045699030160904,"w":-0.6521480083465576},"size":3.2220332622528078,"orthographic":false}