{"cameraMode":{"drawMode":0,"name":"Shaded","section":"Shading Mode"},"sceneLighting":true,"audioPlay":false,"sceneViewState":{"showFog":true,"showMaterialUpdate":false,"showSkybox":true,"showFlares":true,"showImageEffects":true,"showParticleSystems":true},"in2DMode":false,"pivot":{"x":0.0333709716796875,"y":-0.0949859619140625,"z":0.0333709716796875},"rotation":{"x":0.11668423563241959,"y":0.8570976853370667,"z":-0.22233448922634126,"w":0.4498167634010315},"size":3.052288055419922,"orthographic":false}